No,Section,Question,Option A,Option B,Option C,Option D,Correct Answer,Explanation
1,Introduction,What is TypeScript?,A replacement for JavaScript that runs on its own engine,A superset of JavaScript that adds extra features to it,A subset of JavaScript with fewer features,A JavaScript testing framework,B,TypeScript is a superset of JavaScript - it adds optional features on top of JS.
2,Introduction,What file extension do TypeScript files use?,.js,.tsx only,.ts,.tscript,C,TypeScript files end in .ts instead of .js.
3,Introduction,What happens to TypeScript code before it runs in a browser?,It runs directly in the browser without any change,It is compiled (converted) into regular JavaScript,It is converted into machine code,It is interpreted by the TypeScript engine in the browser,B,Browsers only understand JavaScript so TS must be compiled to JS first.
4,Introduction,Arrange the correct order of how TypeScript works,Write .js then compile then .ts then run,Write .ts then compiler converts to .js then JS runs in browser/Node.js,Write .ts then run directly in browser then compile to .js,Write .ts then compile to .exe then run,B,Write TS -> compile to JS -> run the JS anywhere JavaScript runs.
5,Introduction,Which statement is TRUE about the relationship between JavaScript and TypeScript?,All TypeScript code is valid JavaScript,All JavaScript code is valid TypeScript,JavaScript and TypeScript are completely incompatible,JavaScript code must be rewritten fully before using it in TypeScript,B,The relationship is one-directional: JS is a subset of TS but TS-specific syntax is not valid JS.
6,Introduction,"In TypeScript, types are:",Mandatory for every variable,Optional features added on top of JavaScript,Not supported at all,Only allowed inside classes,B,Types are optional - that is why plain JavaScript compiles as valid TypeScript.
7,Introduction,Which of the following is NOT a benefit of using TypeScript?,"Helps catch mistakes early, before running the code",Makes large projects easier to manage,Works smoothly with existing JavaScript code,Makes the JavaScript output run faster than hand-written JavaScript,D,The compiled output is plain JavaScript so there is no runtime speed gain.
8,Introduction,TypeScript helps catch mistakes:,Only at runtime,Before running the code (at compile time),Only during deployment,Only when unit tests are executed,B,Type checking happens at compile time before the code ever runs.
9,Setup,Which tool is required to run the TypeScript compiler?,Python,Node.js,Java JDK,Docker,B,Node.js provides the runtime that executes the tsc compiler.
10,Setup,Which command checks the installed Node.js version?,node --version,npm -v,tsc -v,node --check,A,node -v or node --version prints the Node.js version.
11,Setup,Which Node.js version is recommended in the setup instructions?,8+,12+,18+,22 only,C,Version 18 or higher is recommended.
12,Setup,Which command installs the TypeScript compiler globally?,npm install typescript,npm install -g typescript,npm -g add tsc,node install -g typescript,B,The -g flag installs the package globally.
13,Setup,"In npm install -g typescript, what does the -g flag mean?",Generate JavaScript files,Install globally (available system-wide),Install the GitHub version,Install in debug/global mode,B,-g means global so tsc can be run from any folder.
14,Setup,Which command verifies that the TypeScript compiler is installed?,typescript -v,tsc --version,node tsc -v,npm tsc -v,B,tsc -v or tsc --version prints the compiler version.
15,Setup,"On Windows, if you get the error 'tsc' is not recognized, what is the fix?",Reinstall Node.js,Add C:\Users\<your-username>\AppData\Roaming\npm to System Environment Variables,Rename tsc to tsc.exe,Run VS Code as administrator,B,Windows cannot find the global npm binaries folder - add it to the PATH.
16,Setup,Which tool lets you run TypeScript files directly without compiling them first?,tsc,tsx,npx,nodemon,B,tsx compiles and executes in one step leaving no .js file behind.
17,Setup,Which command installs TSX globally?,npm install -g tsx,npm install tsx --save,tsc install tsx,npm add -g typescript-x,A,npm install -g tsx installs it globally.
18,Setup,Which editor is recommended for TypeScript development?,Notepad,Eclipse,VS Code,IntelliJ Community Edition,C,VS Code has built-in TypeScript support and is free.
19,First Program,What is the correct order of steps to create your first TypeScript program?,Create app.ts then open folder in VS Code then compile then run,Create project folder then open folder in VS Code then create app.ts then compile then run,Compile then create folder then write code then run,Install VS Code then run node app.js then create app.ts,B,Folder first then open it in VS Code then add the .ts file then compile and run.
20,First Program,Which shortcut opens the terminal in VS Code?,Ctrl + T,Ctrl + ~ (backtick),Ctrl + Shift + P,Alt + F4,B,Ctrl + ~ toggles the integrated terminal (or Terminal > New Terminal).
21,First Program,What does the command tsc app.ts do?,Runs app.ts directly,"Generates app.js, the JavaScript version of the file",Deletes app.ts after checking types,Installs TypeScript for that file,B,tsc only compiles - it produces app.js but does not execute it.
22,First Program,"After running tsc app.ts, how do you execute the generated file?",node app.ts,node app.js,tsc app.js,run app.js,B,Node.js runs the compiled JavaScript file.
23,First Program,What is the output of console.log(\"Welcome to TypeScript!\");?,Welcome to TypeScript,Welcome to TypeScript!,console.log(\"Welcome to TypeScript!\"),Nothing - console.log is not supported in TypeScript,B,The exact string including the exclamation mark is printed.
24,First Program,Which single command runs a .ts file without creating a .js file?,tsc app.ts,tsx app.ts,node app.ts,npm run app.ts,B,tsx runs TypeScript directly without emitting a .js file.
25,First Program,Which command fixes the Execution Policy error that appears when running tsc in PowerShell?,Set-ExecutionPolicy -Scope CurrentUser -ExecutionPolicy RemoteSigned,Set-ExecutionPolicy -Scope AllUsers -ExecutionPolicy Unrestricted,npm config set execution-policy remote,tsc --allow-scripts,A,RemoteSigned at CurrentUser scope is the recommended minimum change.
26,First Program,The Execution Policy error typically occurs on which platform?,macOS,Linux,Windows (PowerShell),All platforms equally,C,PowerShell on Windows blocks running scripts by default.
27,Summary,Which tool converts .ts files into .js files?,Node.js,tsc (TypeScript Compiler),VS Code,tsx,B,tsc is the TypeScript compiler.
28,Summary,Which pair is correctly matched?,Node.js -> best editor for TypeScript,tsc -> runs TypeScript without compiling,tsx -> runs TypeScript without compiling,VS Code -> converts .ts to .js,C,tsx executes .ts files directly.
29,Summary,You wrote a TypeScript file and want the fastest way to see its output during practice. What is the recommended approach?,"Compile with tsc, then run with node",Run it directly with tsx,Paste the code into the browser console,Rename the file to .js and run it,B,tsx is the recommended one-step approach for quick practice.
30,Summary,Which statement about TypeScript adoption in an existing JavaScript project is TRUE?,The whole project must be rewritten before TypeScript can be used,TypeScript works smoothly alongside existing JavaScript code,TypeScript cannot be used with Node.js projects,TypeScript requires removing all existing .js files,B,TypeScript is designed for gradual adoption in existing JS codebases.
